﻿Designator,Footprint,Quantity,Value,LCSC Part #
BOOT0,PinHeader_1x02_P2.54mm_Vertical,1,Conn_01x02_Pin,
"BTN, RST",SW_Push_SPST_NO_Alps_SKRK,2,SW_Push,
C1,0603,1,10n,
"C10, C14, C2, C3",0603,4,1u,
C11,0603,1,2.2u,
"C12, C13, C15, C5, C6, C7, C8, C9",0603,8,100n,
C4,0603,1,10u,
FB1,0603,1,120R@100MHz,
"J3, J4",PinSocket_1x14_P2.54mm_Vertical,2,Conn_01x14_Socket,
LED,2.8x3.5_LED_RGB,1,LED_RGBA,
PWR,LED_PLCC-2_3x2mm_KA,1,LED,
"R1, R10, R11, R16, R4, R5, R6",0603,7,10k,
"R15, R17, R18",0603,3,220,
R2,0603,1,27,
"R7, R8",0603,2,5k1,
R9,0603,1,50,
SWD,PinHeader_1x05_P2.54mm_Vertical,1,Conn_01x05_Pin,
U1,LQFP-48_7x7mm_P0.5mm,1,STM32F072CBTx,
U2,SOT-23-6,1,USBLC6-2SC6,
U3,640-USB4215-03-A,1,~,
U4,SOT-23,1,AP7384-33SA,
"U5, U6",SOIC-16W_7.5x10.3mm_P1.27mm,2,~,
U7,SOT-353_SC-70-5_Handsoldering,1,74AHC1G14,
